dataset,class_label,sampled_data_idxs
CIFAR_10,1,"[65, 755, 1046, 1964, 2616, 4294, 3735, 4708, 921, 3648, 4993, 4054, 875, 3001, 1782, 3217, 4926, 2161, 3472, 3276, 3234, 2511, 2826, 1479, 693, 1543, 1503, 1154, 720, 3141, 1938, 2137, 3871, 4232, 1335, 945, 4837, 472, 2525, 4519, 1602, 2562, 1253, 3240, 1901, 2958, 918, 232, 2612, 355, 1955, 4630, 536, 2267, 4999, 1992, 4743, 1142, 1197, 1461, 4482, 4074, 2787, 2116, 594, 4654, 3777, 2575, 2352, 3752, 2076, 4481, 628, 2152, 3358, 3066, 508, 1047, 1037, 1488, 4390, 3286, 3640, 570, 1911, 3355, 4165, 3382, 2892, 3712, 286, 4921, 4307, 1012, 2403, 3684, 259, 4043, 4324, 423, 3656, 1850, 4469, 1941, 2694, 4788, 1894, 4178, 4411, 2534, 1307, 4515, 2070, 1881, 2579, 765, 2324, 3061, 2426, 3674, 3051, 1856, 4474, 4191, 4300, 714, 1422, 3768, 3602, 3976, 1394, 1365, 3544, 1518, 4541, 4571, 1680, 3578, 4410, 4355, 4721, 3050, 1472, 3485, 2498, 959, 2003, 1604, 4676, 522, 742, 4790, 611, 635, 252, 4906, 685, 4843, 4218, 1237, 839, 2851, 3861, 3594, 2183, 3417, 4148, 3868, 3972, 1322, 430, 3857, 1778, 3019, 293, 1423, 4246, 1681, 153, 2062, 3164, 688, 3376, 1287, 3969, 4197, 821, 2090, 359, 2028, 3581, 1070, 3438, 2157, 1308, 2072, 4600, 4154, 2701, 2796, 4933, 2084, 4557, 3410, 4319, 1641, 3784, 345, 2584, 889, 3999, 3863, 4807, 1771, 1827, 3185, 143, 1746, 1624, 881, 3798, 22, 2880, 2770, 226, 3200, 4719, 4231, 4035, 2461, 1446, 2726, 1965, 1903, 2532, 4923, 642, 2558, 4270, 62, 2582, 2947, 4881, 2102, 3840, 202, 816, 3790, 237, 3311, 260, 185, 555, 3289, 4596, 3761, 1698, 867, 279, 2653, 357, 3025, 100, 1540, 3763, 1009, 3877, 1656, 587, 2377, 1981, 3533, 45, 4561, 3699, 2146, 1601, 3399, 4156, 3374, 1095, 2634, 1675, 2856, 385, 4809, 2431, 2942, 2242, 1430, 1520, 1364, 1859, 4301, 4678, 2698, 3, 3298, 2969, 180, 4145, 1105, 3975, 1092, 1883, 963, 358, 3683, 4335, 3869, 2226, 2746, 1741, 61, 3739, 4414, 845, 584, 2857, 2520, 2829, 3418, 4533, 3443, 1951, 1909, 4198, 2964, 2292, 3072, 2720, 3565, 4927, 4569, 2074, 2170, 3835, 749, 2048, 2195, 105, 3366, 2759, 3782, 2393, 1294, 4605, 3963, 3744, 501, 2216, 2222, 1350, 4027, 1516, 975, 4867, 957, 2456, 1014, 3668, 794, 4048, 3588, 634, 3511, 3067, 906, 4924, 3632, 2066, 1447, 3620, 1278, 4351, 2338, 3528, 4367, 1829, 3314, 2356, 4784, 2554, 1566, 4484, 869, 1629, 1933, 1317, 31, 3970, 1750, 3223, 1610, 33, 2627, 4451, 1135, 264, 2464, 572, 3121, 2555, 2322, 1823, 3710, 3416, 4621, 4549, 4546, 4959, 1628, 4528, 3071, 3063, 3294, 3631, 4252, 4425, 2802, 4563, 2099, 2949, 3746, 59, 106, 4663, 1467, 4084, 2249, 770, 3715, 3788, 150, 3130, 1826, 1825, 3802, 4770, 3843, 3414, 3471, 4691, 4166, 888, 4216, 1529, 524, 3982, 887, 13, 4560, 1402, 290, 2279, 4447, 632, 2772, 1722, 2793, 3113, 1952, 1194, 1906, 873, 626, 4459, 4159, 2387, 2475, 365, 825, 2808, 2412, 3150, 1796, 187, 3496, 850, 2918, 798, 2058, 4958, 3628, 4464, 4695, 2174, 3853, 4258, 3796, 2977, 2703, 2407, 3756, 2854, 1385, 4105, 4864, 786, 215]"
CIFAR_10,5,"[2972, 1265, 637, 317, 4976, 2991, 3122, 2250, 1099, 4548, 3493, 8, 1773, 1114, 4073, 2998, 3342, 4986, 1500, 2382, 4461, 1793, 2229, 3491, 2187, 3945, 2866, 3599, 3045, 1297, 1883, 2578, 1091, 443, 4953, 2008, 1443, 247, 777, 2549, 911, 1117, 3748, 460, 4828, 1146, 450, 2529, 1244, 1062, 3142, 2045, 4541, 884, 2742, 2014, 698, 1709, 4595, 686, 4250, 4287, 871, 4519, 408, 4335, 2242, 3782, 3884, 2003, 2469, 373, 3446, 1734, 2807, 50, 1817, 4159, 4844, 2543, 343, 3637, 1305, 1266, 3732, 2670, 1403, 3101, 3460, 1469, 2022, 2891, 2312, 2522, 3385, 3184, 4391, 609, 1073, 3003, 4832, 1925, 4974, 4398, 4265, 766, 1230, 4521, 2655, 1326, 619, 2521, 3933, 633, 4578, 767, 79, 475, 228, 503, 2470, 2811, 1433, 1806, 1662, 4138, 4252, 1086, 2145, 3455, 2826, 4007, 3199, 1154, 4441, 3394, 278, 2352, 3007, 1834, 1652, 720, 4436, 3858, 3336, 4173, 352, 2875, 4345, 1775, 4524, 913, 1602, 3283, 1474, 4328, 2538, 1573, 2776, 3118, 103, 335, 3550, 1316, 113, 1684, 3093, 511, 1220, 2975, 3382, 3009, 4568, 1136, 4450, 455, 3738, 591, 3959, 2536, 1382, 4639, 2230, 3145, 4115, 4915, 4488, 2329, 99, 4006, 4475, 3395, 1621, 3836, 2208, 2852, 1668, 1565, 4752, 4318, 3225, 4623, 4324, 4859, 729, 509, 4563, 318, 3217, 4744, 1666, 2074, 2149, 1269, 4539, 2778, 2568, 3689, 193, 830, 1423, 4537, 642, 3331, 4145, 427, 2944, 3370, 3786, 2984, 3718, 2880, 1110, 697, 2421, 1568, 4561, 3690, 2370, 2489, 2498, 1390, 3921, 4343, 4381, 639, 1248, 40, 2743, 4658, 270, 533, 205, 3570, 4371, 2094, 3488, 1200, 1357, 2328, 1350, 3266, 815, 1085, 2530, 4746, 4399, 4190, 4824, 1998, 420, 1558, 1292, 1354, 3269, 510, 4702, 2910, 704, 2178, 644, 953, 1236, 3321, 1646, 489, 4512, 4064, 622, 3432, 2851, 689, 836, 2708, 464, 4808, 3048, 2616, 351, 2558, 1094, 4068, 1098, 2397, 4161, 2351, 1196, 2420, 3113, 707, 3111, 298, 3273, 4942, 3010, 2377, 2584, 1782, 4407, 1227, 1153, 2221, 4132, 150, 3063, 2946, 2205, 1302, 4253, 3123, 4385, 4696, 1977, 2853, 4083, 4395, 1482, 2927, 2735, 327, 407, 1702, 4806, 1682, 865, 1446, 145, 1315, 4967, 2077, 4422, 4723, 813, 663, 266, 3409, 1953, 1606, 413, 4626, 4144, 3619, 112, 2131, 2267, 3477, 2556, 2353, 1957, 1368, 2573, 404, 4840, 2411, 3930, 4717, 3888, 1856, 3006, 846, 4063, 541, 4855, 2060, 3958, 3096, 1465, 2344, 98, 3906, 268, 4492, 1502, 4384, 4222, 473, 1328, 2845, 3675, 326, 610, 2185, 3366, 2747, 2945, 1561, 4833, 1699, 3421, 4622, 3752, 2681, 3471, 3632, 88, 469, 3140, 561, 3490, 2525, 4786, 863, 3368, 4613, 2831, 2462, 2376, 3019, 3716, 4560, 107, 3002, 4845, 3482, 2233, 3725, 1791, 1970, 3979, 1179, 3609, 1432, 1534, 4963, 3050, 10, 2621, 1917, 2122, 2756, 4321, 3656, 3672, 3639, 2994, 1749, 2511, 2460, 1890, 4652, 4712, 769, 3339, 4383, 3854, 140, 2591, 4713, 938, 4092, 3171, 3238, 3046, 678, 3469, 4107, 2475, 1871, 1735, 2433, 4769, 4987, 3543, 4933, 1962, 1990, 4814, 2412, 1594, 69, 4782, 4127, 244, 1318, 4892, 500, 1540, 3105, 2311, 4867]"
CIFAR_10,6,"[153, 4447, 4471, 47, 4064, 1348, 3533, 2921, 2093, 3388, 2943, 4666, 4453, 2118, 526, 691, 1201, 3893, 4380, 325, 2394, 4113, 1359, 1959, 3366, 2983, 3805, 2559, 4715, 701, 1292, 20, 1033, 3537, 1157, 4362, 1706, 2907, 1260, 613, 804, 2682, 1868, 4571, 4969, 372, 1592, 2643, 4496, 4110, 4197, 1730, 3609, 2863, 1873, 1150, 4376, 379, 4484, 3882, 1265, 3957, 1772, 336, 4468, 2550, 1052, 4403, 4003, 1038, 2374, 4855, 2849, 915, 12, 1688, 276, 1818, 3787, 4592, 3915, 2286, 1232, 3110, 4867, 2545, 4703, 2597, 792, 2512, 1474, 3754, 3252, 4519, 1817, 904, 516, 158, 4354, 1058, 2486, 486, 1012, 1540, 4026, 823, 18, 4237, 2659, 2181, 4932, 1923, 4018, 3963, 2163, 4679, 3555, 1578, 4047, 1522, 711, 4116, 1526, 3426, 348, 2164, 1562, 2823, 172, 762, 3480, 3540, 3025, 2248, 4945, 3725, 745, 4788, 481, 294, 370, 727, 601, 2053, 2410, 1381, 2620, 2651, 319, 829, 3402, 1841, 3602, 4673, 236, 3422, 4196, 3039, 4771, 647, 3961, 2774, 1243, 3745, 4238, 3970, 1015, 3700, 1677, 3365, 596, 2276, 3943, 810, 793, 873, 685, 366, 2396, 4562, 4765, 1580, 2094, 1019, 4766, 1932, 3337, 4449, 922, 1113, 1349, 2032, 4739, 1541, 4911, 2747, 3875, 275, 1460, 1435, 700, 3374, 3814, 3179, 3708, 600, 125, 2302, 203, 2697, 2350, 4339, 814, 2194, 2476, 42, 3105, 2147, 1426, 96, 1721, 946, 2321, 2336, 3605, 2208, 3519, 1395, 3316, 4485, 1808, 23, 1906, 2832, 4202, 2379, 1303, 1022, 4068, 2058, 2542, 1093, 4166, 216, 629, 133, 1888, 3293, 2961, 2304, 4835, 4923, 3830, 771, 3657, 4543, 4654, 4930, 2736, 824, 3997, 1743, 4856, 2956, 947, 2890, 2934, 2609, 2169, 131, 4776, 3447, 264, 759, 1264, 3674, 665, 1064, 4204, 996, 2748, 3237, 3295, 309, 118, 3186, 1376, 2123, 3656, 4767, 4875, 1741, 2082, 1499, 4346, 3404, 61, 3874, 668, 2287, 3128, 3808, 737, 1179, 4085, 2589, 2844, 1347, 2797, 2968, 3966, 431, 2136, 417, 3732, 4822, 563, 2106, 3036, 987, 511, 2084, 3382, 2446, 3664, 4990, 259, 1639, 1662, 2364, 2201, 3828, 157, 2680, 3240, 1288, 2497, 2246, 2204, 1689, 4474, 3806, 3471, 4100, 568, 930, 3274, 4436, 3912, 4985, 4860, 3191, 424, 4108, 3867, 845, 3871, 1076, 1431, 4409, 1105, 1744, 4393, 3794, 742, 539, 1136, 4668, 3464, 2694, 569, 3375, 4239, 402, 917, 2767, 3165, 3220, 3342, 2917, 760, 1799, 2603, 2594, 656, 174, 3073, 4755, 301, 825, 4133, 4385, 494, 430, 892, 2604, 1502, 4288, 487, 588, 4318, 2634, 4235, 3767, 1131, 1263, 4224, 2588, 1680, 4478, 2580, 4377, 2813, 230, 246, 2325, 320, 952, 4020, 2210, 482, 2853, 927, 4011, 3959, 3986, 1727, 498, 2096, 1954, 4637, 3177, 60, 4154, 2041, 2672, 1619, 2922, 891, 2579, 1389, 3167, 4479, 341, 2625, 338, 1797, 2249, 3481, 4268, 1757, 902, 179, 652, 3485, 472, 2582, 2245, 864, 731, 660, 3585, 339, 1344, 2371, 1609, 2151, 4868, 4670, 3886, 4454, 215, 2090, 1853, 4439, 2530, 1071, 2696, 716, 3833, 2843, 2645, 2687, 4648, 4171, 3459, 66, 4365, 3878, 4470, 1334, 1755, 2158, 692, 4091, 4451, 2657, 3868, 3790, 3950]"
CIFAR_10,8,"[4493, 2128, 2438, 3709, 2058, 55, 2356, 710, 250, 2166, 268, 1991, 111, 1873, 902, 2857, 3195, 2547, 1090, 1979, 4686, 4920, 506, 2432, 4006, 1305, 4902, 4251, 4434, 384, 3931, 4359, 420, 379, 4255, 42, 1169, 3585, 4383, 1318, 1144, 2491, 2049, 2085, 4982, 369, 216, 3947, 3042, 1017, 4627, 3930, 4812, 106, 3819, 3019, 3871, 521, 400, 3417, 2176, 854, 928, 681, 4828, 939, 3720, 3166, 3181, 1701, 3160, 3511, 3566, 3029, 2404, 1574, 2689, 945, 4278, 1711, 4619, 531, 2132, 3736, 2371, 2947, 1156, 1605, 1922, 3341, 2958, 169, 2601, 761, 441, 3330, 4294, 2265, 171, 463, 3184, 2349, 3408, 1589, 51, 3431, 4919, 2790, 35, 1134, 2078, 1226, 3248, 4915, 4433, 774, 3855, 974, 2130, 1556, 2346, 3398, 2569, 23, 3667, 2852, 2302, 2792, 526, 4269, 1080, 222, 2933, 988, 4089, 3770, 3121, 2069, 1067, 991, 3549, 4020, 1683, 3061, 1927, 3049, 1838, 2276, 913, 967, 1463, 589, 606, 1688, 4764, 3274, 2902, 4682, 1032, 4235, 1302, 1677, 3869, 3616, 4497, 2538, 459, 3723, 479, 1917, 3142, 2195, 2229, 1717, 2044, 4505, 3741, 4001, 2793, 2460, 2050, 4963, 3822, 2402, 2644, 4159, 1151, 3104, 1695, 56, 36, 3737, 3824, 100, 1419, 2209, 3026, 2883, 1575, 4945, 2692, 3327, 2227, 3500, 471, 1023, 3814, 1336, 124, 4392, 3373, 4630, 1367, 4305, 1687, 324, 480, 1, 3091, 4481, 3087, 3888, 2297, 3180, 3389, 1497, 537, 585, 2232, 3259, 1941, 4889, 4714, 3000, 2088, 4004, 2415, 1233, 1485, 1426, 3673, 626, 2485, 4366, 4051, 3097, 1595, 951, 315, 4635, 2021, 4337, 4071, 1471, 2765, 3563, 3487, 2786, 149, 1507, 129, 1091, 3778, 2298, 3188, 965, 2917, 4933, 3717, 4342, 4141, 3295, 1077, 2796, 2840, 665, 2932, 3209, 2915, 2134, 4061, 2287, 821, 615, 3831, 2827, 859, 1132, 1557, 1674, 3017, 4570, 1964, 2986, 1615, 1219, 849, 3521, 4880, 89, 3813, 477, 934, 1183, 1325, 1845, 2434, 184, 3809, 3801, 4565, 1448, 1678, 593, 3747, 2137, 3216, 4451, 1095, 2562, 4385, 1474, 1830, 1106, 4217, 4515, 3950, 4290, 4492, 4272, 1192, 3270, 2116, 3047, 1732, 499, 1395, 3316, 133, 4806, 2149, 3745, 592, 696, 399, 2400, 2179, 4826, 3753, 4752, 37, 4291, 4575, 3387, 488, 921, 2157, 4549, 2455, 4103, 852, 2761, 1803, 4689, 727, 666, 1562, 2101, 954, 3577, 375, 1939, 4045, 2228, 4175, 1870, 1143, 3615, 712, 4811, 2520, 4489, 181, 667, 800, 1653, 2023, 1495, 2909, 1008, 3734, 356, 1857, 3804, 2869, 4335, 12, 240, 3310, 1052, 1538, 2307, 1670, 528, 3064, 1071, 3938, 4474, 1074, 4152, 3963, 1530, 2598, 2553, 3935, 707, 1874, 1908, 87, 3524, 3132, 3243, 2701, 2708, 2555, 4767, 2292, 3528, 3638, 3139, 1515, 370, 2802, 2237, 700, 2446, 203, 2492, 2609, 1208, 2414, 1242, 2377, 4922, 3905, 3186, 2667, 200, 4070, 1177, 3877, 4999, 4375, 1087, 3837, 1048, 1140, 2143, 1098, 1243, 1509, 3455, 4454, 2329, 1561, 1431, 4588, 2238, 624, 2218, 270, 4288, 3544, 3921, 4908, 4008, 4218, 4916, 4423, 2011, 3324, 783, 3356, 3703, 525, 362, 2711, 1388, 3533, 1376, 4612, 161, 3597, 2456, 1769, 4084, 415, 648, 2532, 4647]"
CIFAR_10,9,"[4929, 112, 2062, 950, 3156, 4022, 2163, 3799, 4876, 2128, 3386, 3410, 4627, 2801, 3509, 4464, 1365, 3819, 3155, 2024, 423, 3169, 336, 1524, 3447, 3404, 3069, 1075, 916, 44, 1103, 4346, 1736, 4602, 1183, 4762, 1762, 3508, 881, 1159, 1158, 4041, 1061, 854, 1938, 1056, 3146, 1493, 4955, 3692, 61, 3752, 2352, 2299, 2681, 1008, 3401, 2773, 2775, 4980, 3233, 3725, 2927, 461, 1886, 84, 1528, 3889, 1497, 3385, 2877, 1305, 4433, 4546, 1471, 265, 1147, 3962, 4241, 4504, 3029, 3753, 2644, 3872, 209, 4382, 454, 2518, 350, 504, 1205, 120, 57, 1436, 2525, 1046, 3045, 4219, 1645, 2493, 3826, 4908, 2900, 3854, 4651, 3684, 4159, 4600, 1779, 280, 2485, 4934, 524, 2712, 4186, 2987, 4898, 3413, 692, 3797, 1995, 2217, 1636, 181, 2505, 3867, 1442, 4799, 1185, 903, 3637, 2451, 1176, 1702, 679, 2840, 913, 3845, 1605, 1058, 4475, 4584, 1361, 2406, 1802, 3376, 2437, 3617, 1044, 2252, 4461, 4261, 4625, 408, 2940, 1152, 1059, 3665, 2438, 4265, 4881, 2928, 4458, 3196, 4329, 1141, 1215, 4813, 2419, 2012, 2258, 311, 1841, 4642, 2726, 3305, 3634, 4824, 2814, 2512, 3439, 3750, 415, 1281, 1301, 204, 1827, 4984, 810, 2283, 3067, 1534, 1203, 2371, 4092, 602, 2253, 4578, 887, 1920, 1819, 2040, 2492, 2638, 4656, 486, 3973, 4880, 549, 4278, 3622, 1579, 213, 2868, 3983, 1207, 3130, 3619, 642, 30, 3022, 3083, 2881, 1564, 3262, 828, 1180, 2660, 1197, 557, 1555, 980, 1130, 1415, 149, 184, 478, 1321, 937, 1761, 2133, 1975, 4020, 4547, 3365, 3715, 476, 2279, 3117, 3097, 4420, 4993, 1558, 3005, 3311, 1018, 4564, 2541, 2682, 1835, 2194, 872, 652, 455, 51, 3868, 1026, 2557, 1358, 2664, 4096, 1795, 3161, 1454, 233, 3492, 3796, 4255, 3218, 330, 773, 4512, 2500, 4509, 633, 704, 3662, 2841, 3595, 137, 1834, 3096, 594, 1404, 4393, 347, 849, 1876, 2197, 869, 1357, 4982, 3612, 4900, 2786, 2671, 316, 1780, 4860, 275, 740, 3933, 1976, 1870, 4871, 812, 4867, 2354, 621, 1742, 4108, 668, 4428, 4653, 2488, 1964, 2719, 2110, 2815, 727, 4922, 1589, 1263, 4361, 566, 3498, 2634, 3805, 608, 2380, 3967, 3738, 256, 4387, 987, 1038, 2005, 4995, 2441, 2422, 2285, 976, 292, 3153, 1382, 4198, 4347, 3886, 1333, 2744, 3747, 1622, 282, 1438, 2934, 3952, 4506, 1711, 4747, 920, 2300, 4727, 2691, 1303, 2621, 4223, 3483, 3793, 349, 3200, 2774, 4992, 2475, 313, 3611, 3080, 4181, 2153, 1649, 4758, 2742, 4847, 3173, 2242, 4548, 2297, 1327, 4629, 1993, 410, 4146, 3300, 3749, 1525, 79, 3142, 3191, 4870, 3237, 2970, 2651, 775, 4800, 590, 1669, 4612, 1871, 3817, 2383, 2990, 2692, 3785, 4429, 32, 1604, 2324, 3807, 3772, 378, 3342, 4829, 3004, 1431, 4817, 4675, 851, 3256, 4633, 1246, 2698, 4272, 1531, 108, 1698, 3802, 730, 779, 2119, 3813, 4753, 2192, 505, 3963, 3731, 2454, 2903, 4008, 4218, 4430, 1156, 4711, 1652, 3599, 1499, 4786, 4724, 2714, 3647, 2861, 1097, 3632, 3360, 2506, 1116, 4760, 3208, 1708, 532, 170, 4952, 1504, 1452, 3955, 2452, 1982, 1778, 2327, 2370, 632, 3858, 2955, 1307, 780, 3504, 3926, 834, 1718, 3834, 1737, 443]"
mnist_784,1,"[5540, 5177, 648, 2812, 2885, 5685, 6879, 1009, 6728, 6723, 2951, 7387, 3770, 1757, 912, 5843, 1689, 2146, 5880, 689, 2772, 7665, 723, 573, 4171, 4742, 6961, 5154, 3052, 6268, 1166, 1518, 3285, 7817, 3861, 3212, 2404, 5591, 6151, 635, 479, 3053, 2870, 855, 1269, 6172, 1984, 5416, 2590, 310, 6866, 1211, 2243, 6842, 1243, 4271, 4175, 1324, 5474, 942, 2284, 1388, 2832, 3185, 5220, 7040, 6371, 6777, 2969, 5842, 7168, 339, 3368, 1634, 6149, 7339, 7461, 5728, 2762, 4018, 7301, 827, 6184, 887, 2568, 2163, 5282, 3089, 6962, 308, 1778, 2287, 7013, 1868, 4436, 129, 3595, 5280, 6751, 4031, 2748, 2436, 7508, 4636, 3226, 3536, 1319, 5296, 4170, 1377, 6976, 6277, 3440, 1299, 165, 5325, 1301, 7179, 5158, 7593, 337, 2328, 5060, 925, 6932, 4905, 6772, 7755, 7562, 5320, 1829, 2996, 5918, 6532, 1356, 965, 5130, 6093, 5425, 2699, 6940, 3507, 923, 5005, 3853, 3598, 7269, 5289, 3653, 4118, 531, 3213, 1197, 4510, 3864, 150, 3419, 590, 92, 257, 797, 5609, 7370, 1261, 852, 144, 4727, 2877, 1588, 1313, 5387, 617, 3067, 3641, 7515, 7546, 2141, 5218, 6887, 2747, 5748, 4958, 4566, 6890, 5971, 4926, 6513, 6058, 646, 4726, 3088, 5030, 1850, 6947, 5831, 5202, 7406, 7150, 5010, 2709, 4954, 3117, 583, 2066, 1552, 825, 4984, 2462, 3381, 6272, 3190, 7365, 3676, 501, 7265, 4337, 1487, 6562, 1664, 7587, 2753, 2607, 3327, 6986, 410, 3092, 1049, 2117, 5513, 416, 5577, 96, 402, 7710, 731, 7638, 4532, 4014, 4693, 5083, 1510, 119, 6762, 3474, 6066, 3495, 3933, 1846, 5193, 1613, 7310, 7634, 3995, 1032, 2368, 4064, 2470, 5736, 5720, 2872, 1300, 7784, 5222, 2563, 43, 3412, 5385, 1608, 7517, 286, 3106, 1624, 1705, 1699, 7143, 240, 5104, 2268, 7198, 2608, 768, 5216, 7654, 2506, 3269, 4792, 1065, 1093, 2882, 4929, 5290, 6312, 74, 2739, 3960, 2, 3753, 5302, 6809, 1170, 5650, 431, 7290, 1899, 2755, 3398, 7054, 7416, 1970, 7350, 2026, 5224, 5037, 7557, 4090, 7504, 6438, 4543, 917, 3239, 2536, 7501, 5977, 939, 5171, 5262, 2396, 2621, 6137, 3506, 2021, 6211, 7379, 1216, 5281, 4115, 1831, 5931, 5565, 4293, 1263, 3243, 6527, 4599, 2808, 4847, 859, 751, 4385, 281, 7129, 4197, 4283, 90, 4229, 3947, 2531, 3924, 6771, 3911, 5168, 1428, 7125, 4877, 1495, 1556, 1820, 7492, 3056, 2168, 681, 134, 4098, 5213, 2343, 2453, 373, 7518, 7277, 2307, 6216, 4277, 2333, 4948, 609, 2138, 5332, 5915, 3986, 7124, 1480, 1498, 577, 4441, 5818, 7735, 5244, 641, 5444, 1578, 3221, 3082, 2020, 2759, 4565, 6458, 2919, 2009, 2079, 3854, 5500, 3907, 7245, 5096, 996, 1906, 7473, 6276, 5237, 6219, 7619, 2725, 6951, 2475, 6181, 714, 1107, 284, 6217, 7742, 1682, 5149, 7656, 417, 5124, 5774, 2122, 2464, 4404, 7351, 6949, 4301, 6142, 3848, 6220, 7038, 7182, 7280, 3020, 6862, 5041, 715, 1443, 4592, 5862, 5172, 1927, 5758, 1304, 1485, 3306, 5019, 1584, 5426, 6917, 5770, 7859, 6877, 4152, 3133, 3343, 1627, 5134, 4758, 3388, 39, 1465, 3326, 222, 7346, 1732, 561, 2241, 1125, 3517, 1663, 4806, 2735, 665, 6755, 2743, 1576, 4051, 5913, 3515, 5583, 247, 333, 1678, 3162]"
mnist_784,5,"[5025, 2559, 1966, 6163, 2600, 6201, 5551, 4515, 1423, 5863, 1533, 1387, 20, 4196, 5976, 703, 1570, 5329, 4973, 1777, 1574, 2558, 1011, 414, 3231, 1910, 318, 1050, 1245, 1427, 122, 5923, 5218, 3119, 4142, 3480, 251, 1356, 260, 5368, 92, 5830, 5417, 1541, 3987, 3735, 2384, 6257, 3716, 3686, 3697, 1897, 3095, 3156, 175, 958, 3034, 3084, 2343, 4748, 657, 1959, 4491, 5943, 2519, 5150, 5509, 4676, 2342, 2858, 3118, 2689, 4226, 1605, 4972, 2729, 5439, 296, 2950, 6147, 3786, 6024, 5491, 462, 1358, 1322, 471, 190, 392, 5711, 2769, 3738, 4014, 2531, 2765, 529, 4301, 2251, 2700, 3390, 879, 5750, 3404, 1380, 4906, 473, 4856, 483, 3753, 985, 4725, 5763, 4279, 3170, 1321, 3273, 2346, 478, 4685, 695, 4493, 1246, 4444, 378, 2260, 4759, 2383, 580, 2336, 6219, 104, 6235, 1115, 720, 144, 5919, 4503, 6184, 3161, 6099, 5975, 678, 2081, 3929, 1073, 3834, 3645, 2761, 3085, 3261, 490, 5734, 191, 4084, 2264, 5390, 4429, 5281, 5009, 4059, 5419, 5984, 28, 5292, 5501, 1137, 4093, 4513, 2407, 2145, 1440, 4800, 396, 1792, 330, 4736, 2707, 2929, 2231, 3033, 4012, 2971, 4532, 3553, 4070, 229, 6011, 3583, 1318, 4105, 4438, 2572, 3283, 869, 3999, 3320, 4431, 4009, 5199, 3564, 2917, 2463, 4091, 2851, 612, 5209, 940, 3519, 1160, 5654, 3833, 4169, 1908, 1741, 4932, 2792, 2119, 907, 2194, 2387, 2289, 2852, 3949, 6043, 4342, 914, 445, 3197, 4825, 4665, 5606, 3532, 732, 3225, 2835, 2431, 5347, 1192, 5533, 3884, 1782, 5105, 2969, 4860, 2413, 5778, 2113, 4246, 843, 4051, 1037, 1247, 2517, 3788, 3420, 4144, 3064, 332, 792, 4343, 4614, 1241, 4695, 4244, 5082, 2591, 6253, 4467, 37, 2352, 4967, 4711, 418, 2188, 3008, 2758, 3546, 4351, 4622, 239, 4258, 3984, 147, 2704, 2470, 2953, 897, 5276, 115, 5133, 3470, 2548, 3684, 1267, 5265, 6312, 1295, 74, 4289, 4453, 321, 5888, 2396, 4254, 1334, 4919, 2233, 472, 505, 5042, 5203, 5181, 1626, 881, 3111, 1198, 1398, 5021, 3969, 3389, 5687, 4968, 2408, 1781, 3523, 3264, 5618, 2037, 2955, 1889, 5254, 2324, 4848, 3358, 117, 749, 1640, 2059, 2940, 2880, 1932, 4627, 3680, 4869, 3292, 5089, 5094, 1239, 2395, 3382, 3916, 2123, 1585, 4457, 4045, 180, 861, 5435, 2305, 2814, 1131, 5398, 2913, 4749, 6088, 3839, 2527, 4768, 4108, 4064, 2002, 5695, 2003, 3533, 6026, 1121, 1204, 2460, 2087, 1920, 1869, 671, 2330, 5048, 137, 5363, 2936, 3362, 3729, 771, 2975, 4923, 3705, 3018, 6083, 5927, 341, 3224, 1031, 3690, 463, 1363, 342, 5436, 3946, 4554, 3483, 740, 3832, 2989, 4099, 169, 4802, 421, 5406, 2021, 3076, 5555, 3336, 944, 3069, 4469, 996, 1579, 3657, 2613, 2554, 351, 572, 3449, 303, 2550, 434, 1860, 488, 2724, 3653, 207, 2598, 1939, 4409, 1999, 2943, 50, 3040, 1918, 1664, 2915, 5258, 5598, 411, 2281, 1787, 4712, 25, 4318, 3774, 1397, 2064, 5578, 2326, 910, 1921, 1395, 3267, 2838, 6015, 5428, 4987, 814, 4675, 700, 2896, 4658, 2887, 1676, 2072, 3312, 4069, 2410, 2515, 2777, 5080, 1698, 560, 745, 2274, 3520, 2634, 3409, 3635, 3886, 2747, 2672, 1596, 3707, 522, 4842, 5171, 3904]"
mnist_784,6,"[3946, 2089, 5836, 1185, 3871, 6267, 342, 6023, 4893, 287, 810, 858, 513, 533, 1858, 2978, 1384, 1232, 2021, 3551, 688, 923, 5260, 3427, 607, 4686, 5459, 6250, 3269, 1655, 454, 528, 5988, 3234, 1736, 4427, 5526, 3772, 1074, 2027, 6157, 1798, 4626, 4998, 4312, 2023, 4320, 4314, 3828, 5149, 5321, 6172, 6774, 5336, 6010, 2980, 5652, 4288, 4443, 3216, 3607, 3939, 4080, 3993, 6870, 6735, 5181, 1260, 5162, 6831, 1641, 3499, 1737, 4640, 5163, 4003, 3143, 2558, 5538, 2698, 4305, 5790, 4230, 4570, 4853, 2274, 3464, 5739, 5990, 438, 6827, 5176, 630, 1999, 4985, 1825, 1214, 3971, 4404, 3316, 248, 5516, 1735, 3429, 999, 6159, 2811, 4052, 2726, 3136, 5143, 3885, 2297, 4246, 5669, 3861, 3461, 3570, 4311, 203, 6413, 157, 6661, 6316, 6165, 2311, 6636, 5220, 2920, 1673, 694, 3764, 3940, 4849, 6628, 1177, 881, 4573, 6106, 3211, 2114, 6849, 6608, 6669, 1981, 3591, 6043, 3347, 3100, 4691, 4188, 6053, 347, 1149, 6044, 4079, 821, 2572, 1547, 3243, 1760, 3215, 1877, 3710, 2582, 2450, 1978, 6146, 3052, 6446, 5885, 5121, 3026, 1467, 4968, 2906, 5553, 3361, 1810, 900, 3867, 4044, 5556, 1298, 4798, 4190, 4016, 653, 3921, 1486, 5005, 5420, 6429, 430, 3085, 5546, 2013, 311, 172, 5656, 4338, 5468, 2299, 3608, 4662, 66, 5820, 6041, 187, 5895, 4164, 2991, 6793, 4678, 5028, 4442, 468, 3566, 569, 981, 3525, 1659, 6321, 1164, 6622, 6512, 6003, 4277, 1708, 1623, 3433, 4245, 4964, 1489, 779, 5591, 1534, 985, 6425, 6391, 5787, 2896, 619, 4299, 1878, 3082, 2592, 5716, 1116, 637, 4542, 1862, 2456, 750, 2087, 651, 5094, 6463, 931, 4724, 1920, 2836, 490, 5177, 5230, 1107, 3923, 6378, 5193, 4353, 1480, 5768, 6367, 5474, 5450, 19, 4707, 3165, 5231, 4896, 2157, 6677, 5725, 4516, 60, 936, 1139, 1171, 4800, 2953, 6299, 291, 4239, 5625, 2282, 5441, 480, 1168, 161, 1066, 2662, 6427, 3742, 5759, 1202, 1889, 2203, 5769, 5902, 1840, 5795, 6684, 3575, 1073, 4921, 3952, 1693, 4796, 4928, 4900, 1034, 6252, 3242, 6083, 2789, 4235, 5366, 6867, 3535, 5324, 1816, 1649, 2472, 531, 4375, 3830, 440, 6779, 693, 1631, 6546, 2477, 5341, 5562, 6816, 5707, 1947, 3954, 4060, 6777, 3706, 2923, 3086, 3568, 3184, 4591, 4779, 3897, 1684, 1276, 5899, 3634, 2975, 3963, 1739, 645, 5996, 3854, 1134, 3671, 1366, 3961, 6000, 1804, 5096, 845, 2671, 4414, 1051, 2864, 5480, 3964, 4765, 5047, 78, 1099, 4593, 1929, 1271, 4600, 2394, 6818, 4498, 4133, 2054, 6690, 2970, 1844, 2102, 2778, 635, 3769, 903, 3705, 557, 6280, 515, 5170, 6780, 932, 4377, 6874, 5881, 926, 3078, 4790, 5785, 6226, 1704, 1032, 2358, 4017, 5928, 5727, 3968, 330, 1749, 2025, 1895, 205, 5531, 955, 1675, 5788, 6464, 5680, 2649, 724, 6107, 5853, 1979, 3479, 5026, 5724, 782, 6839, 2424, 352, 2119, 126, 3700, 1729, 5481, 6079, 84, 6357, 412, 1447, 2229, 1554, 1652, 2960, 261, 4263, 312, 4639, 181, 4315, 2663, 6026, 6052, 446, 3459, 1910, 2134, 4143, 6811, 138, 1102, 4885, 492, 539, 4585, 2244, 1644, 1768, 1780, 2210, 2010, 5110, 1181, 1604, 4956, 2385, 906, 1231, 5588, 2079, 1809, 4607]"
mnist_784,8,"[3578, 3505, 2379, 1610, 156, 4537, 5254, 3745, 5799, 6672, 4987, 392, 4279, 3355, 429, 4870, 6808, 2822, 6289, 6693, 1560, 489, 5136, 2837, 4367, 6328, 372, 382, 5067, 6623, 6759, 6620, 5082, 6640, 954, 4807, 200, 2519, 2712, 3139, 1280, 4802, 6810, 2409, 5578, 3606, 6484, 1787, 3922, 4710, 1546, 6125, 6123, 5431, 3197, 3199, 1800, 2575, 717, 2941, 3496, 2800, 2737, 6014, 690, 2621, 6417, 4816, 1429, 691, 3459, 1276, 3421, 5091, 1947, 17, 5695, 4983, 6544, 1906, 4447, 5181, 6776, 143, 940, 6430, 6618, 6715, 69, 3170, 5092, 4623, 4281, 3742, 3573, 3819, 3298, 2108, 4135, 5907, 1493, 4000, 6017, 6451, 6105, 5232, 6352, 569, 4394, 477, 5494, 5565, 2537, 1679, 4089, 6697, 4888, 2213, 4851, 180, 474, 4917, 2272, 2686, 6666, 1793, 2825, 5704, 5329, 4108, 4287, 2826, 1874, 351, 6371, 1021, 5514, 4906, 4723, 262, 2404, 3353, 5477, 5407, 735, 1833, 2014, 2927, 2893, 4428, 1812, 11, 4733, 1594, 5515, 6114, 683, 4616, 6725, 3623, 1567, 2603, 2423, 2659, 3824, 6190, 5952, 2094, 6103, 1855, 4150, 303, 6093, 1388, 1826, 1348, 141, 2063, 5245, 862, 687, 3463, 1396, 6708, 2420, 1421, 4166, 6359, 2542, 6216, 6196, 4240, 2935, 2466, 2297, 41, 315, 2002, 1441, 1022, 2777, 1824, 1725, 5203, 6494, 6267, 5035, 3119, 6823, 5278, 1708, 2323, 3386, 1427, 6596, 5621, 4654, 601, 2857, 424, 707, 2833, 2371, 97, 2817, 5096, 5192, 5001, 1632, 3963, 6794, 5396, 2196, 1908, 6356, 3061, 1097, 1727, 4528, 3792, 2389, 5157, 6470, 706, 6671, 2374, 295, 352, 5629, 236, 5988, 516, 1529, 307, 2549, 3121, 328, 5963, 6706, 2731, 3651, 1232, 3691, 2149, 1799, 4101, 1203, 5562, 192, 5923, 6619, 3011, 4237, 5359, 1515, 5117, 4702, 4701, 2707, 350, 5392, 1084, 2382, 906, 2636, 4088, 54, 6503, 2132, 3594, 3701, 3334, 500, 3148, 5282, 1110, 6478, 2205, 3773, 6537, 4722, 2209, 5849, 5739, 6357, 3970, 5750, 5665, 4520, 4244, 6591, 2387, 4549, 6573, 3109, 5167, 3441, 5075, 4506, 2527, 1697, 5263, 128, 1619, 2232, 5535, 4764, 725, 1939, 5902, 1931, 4788, 5313, 4910, 1785, 1797, 5395, 3939, 1312, 2762, 1078, 4210, 6048, 3507, 3446, 1446, 537, 4777, 3644, 4457, 3861, 2513, 1672, 3219, 2208, 1754, 1949, 4861, 4093, 6732, 6096, 5355, 6000, 714, 1299, 6566, 4254, 1742, 3225, 3880, 4052, 4262, 6258, 1653, 148, 5081, 2629, 1045, 3841, 1112, 6351, 2821, 1228, 4827, 196, 2844, 1645, 348, 49, 2218, 5682, 6209, 3684, 6563, 3991, 582, 4131, 5087, 4154, 96, 5004, 6210, 4444, 6117, 715, 4345, 35, 1696, 5122, 418, 1152, 6614, 1673, 1137, 3200, 2954, 3059, 4184, 3693, 5427, 5456, 3052, 2107, 2630, 6684, 6391, 1717, 1726, 1790, 821, 561, 4508, 3042, 2123, 6144, 1405, 3458, 2555, 2310, 2594, 759, 2182, 1161, 3133, 1095, 5340, 1571, 2363, 972, 1979, 5890, 933, 1536, 5283, 1400, 2330, 4976, 737, 1242, 571, 5154, 1897, 3217, 3304, 3662, 1646, 623, 4007, 360, 2380, 948, 4443, 2633, 5706, 5085, 5233, 4725, 3368, 677, 4673, 1783, 4632, 5279, 3263, 2257, 1980, 2444, 5310, 3877, 5826, 3722, 2955, 3964, 1556, 2222, 3292, 3312, 1927, 6083, 6058]"
mnist_784,9,"[5467, 201, 4752, 3128, 5484, 2042, 5760, 4261, 2686, 3313, 420, 5050, 6021, 6076, 409, 4803, 2611, 5086, 2491, 879, 731, 915, 190, 2724, 1880, 1669, 1543, 6500, 470, 1781, 5829, 5227, 863, 3960, 227, 2430, 1592, 6471, 5937, 2227, 892, 3429, 2233, 37, 594, 2946, 2375, 303, 2081, 2488, 3900, 4387, 6406, 2865, 4134, 4904, 6678, 2471, 3135, 4719, 1331, 6256, 5910, 90, 4202, 3840, 1161, 4877, 525, 2637, 4438, 6234, 2328, 5447, 207, 255, 5748, 5224, 3732, 5179, 5332, 845, 302, 1953, 6714, 6212, 2183, 6026, 426, 6153, 4098, 6790, 6485, 555, 5573, 3420, 6611, 6695, 3387, 6579, 3050, 1128, 6032, 5448, 6365, 2871, 2453, 166, 2175, 3205, 6751, 1406, 5525, 1274, 4868, 4025, 5682, 3277, 4618, 4586, 2221, 4867, 6602, 208, 4545, 4910, 6192, 4694, 6096, 439, 1873, 6042, 217, 6342, 2043, 3290, 3268, 2527, 5078, 6822, 1395, 538, 6632, 1903, 1457, 5667, 2873, 2695, 2766, 2432, 2659, 1383, 1095, 2102, 5320, 4945, 5114, 967, 2689, 2460, 1418, 5522, 4778, 4447, 4970, 5616, 3500, 5456, 3781, 974, 3890, 1464, 6008, 3861, 1952, 4643, 6554, 1712, 3215, 396, 1287, 4350, 4301, 5373, 6225, 5789, 1603, 4898, 5610, 4518, 3246, 4997, 4211, 6410, 5837, 643, 6129, 6774, 3173, 1666, 6882, 5741, 2163, 1578, 1397, 5625, 5655, 2627, 1853, 2131, 6203, 820, 2363, 5028, 3588, 5187, 5275, 107, 5884, 588, 4878, 1345, 3686, 5844, 830, 353, 1197, 4491, 6806, 980, 3816, 2853, 512, 2308, 3721, 634, 6458, 422, 338, 1303, 5249, 5040, 359, 4058, 2658, 2874, 6168, 3331, 6108, 3207, 5738, 4587, 4160, 5949, 2805, 6012, 2128, 2896, 1750, 858, 320, 3950, 2908, 407, 1039, 5791, 5386, 5644, 1146, 3831, 3753, 639, 6733, 6864, 45, 5711, 2215, 6691, 2524, 4, 3562, 4475, 843, 5229, 2096, 1261, 2277, 3480, 334, 6953, 3000, 3265, 113, 4294, 4960, 6884, 1393, 6916, 6279, 1689, 5397, 3801, 1135, 5779, 741, 4402, 406, 2890, 1446, 1422, 2540, 5112, 5518, 1749, 6534, 6143, 5532, 3937, 348, 2017, 1922, 1152, 817, 6845, 4952, 6526, 4982, 5717, 4830, 5169, 181, 2885, 2802, 641, 3333, 1947, 355, 2814, 2645, 1895, 5176, 5216, 4034, 3933, 5611, 3788, 3179, 460, 2918, 1497, 3064, 2824, 4623, 4081, 705, 1897, 4861, 2152, 4641, 2406, 1654, 5304, 1964, 2107, 1456, 4832, 793, 2120, 214, 2950, 3649, 6604, 4181, 5686, 4788, 6700, 6378, 4012, 6783, 730, 6127, 3962, 1925, 4651, 3482, 534, 5580, 2677, 3011, 6165, 6050, 4256, 800, 56, 2416, 3688, 4039, 3850, 6520, 475, 3253, 6441, 6560, 6432, 6832, 1742, 6290, 5959, 1585, 2267, 3084, 3983, 4615, 6017, 841, 2514, 1490, 3513, 520, 560, 4789, 4229, 3489, 3021, 5668, 481, 737, 3518, 2104, 5830, 2059, 1791, 6838, 3780, 2910, 5031, 3767, 6457, 64, 223, 2534, 6891, 36, 1887, 3956, 4376, 2583, 4236, 5180, 5600, 3682, 6385, 3619, 5293, 5736, 3660, 3457, 2693, 5523, 3114, 5174, 3247, 2418, 5154, 5766, 5303, 378, 4665, 2867, 5927, 6906, 5796, 1048, 2283, 6596, 2504, 2160, 3714, 2167, 4521, 6092, 328, 3140, 6729, 3364, 171, 6437, 1354, 275, 3456, 5483, 2172, 2778, 3791, 1058, 1687, 5287, 433, 946, 1864]"
Fashion-MNIST,1,"[2903, 5316, 3612, 4494, 1923, 5570, 3299, 2084, 6407, 2273, 6060, 3830, 1155, 2101, 485, 4534, 4724, 632, 1047, 1701, 4305, 3405, 5669, 3443, 1081, 3697, 5946, 908, 3427, 6156, 4381, 5710, 2294, 6708, 6717, 505, 1640, 1498, 1082, 5358, 6719, 6889, 5386, 2123, 4813, 3160, 1965, 5606, 2055, 3326, 5215, 3209, 2562, 5894, 6771, 6255, 5185, 4123, 5539, 5566, 229, 3978, 6968, 4613, 5955, 2412, 5197, 3285, 2277, 4152, 2320, 6316, 6961, 1105, 5769, 2114, 6293, 731, 3655, 1862, 4064, 6993, 157, 6415, 4220, 1716, 5614, 375, 687, 410, 4531, 2177, 4529, 2020, 834, 6212, 169, 5821, 2919, 5774, 3855, 3724, 808, 4889, 2391, 6372, 5351, 789, 1323, 6464, 1866, 241, 5442, 565, 945, 5620, 5933, 2082, 5800, 1842, 4774, 4288, 3063, 2633, 6807, 898, 1958, 5239, 1017, 5892, 4506, 378, 3351, 5192, 3807, 1181, 5712, 2247, 1861, 6038, 4094, 2311, 6772, 967, 4474, 2611, 3960, 200, 3871, 642, 5223, 4545, 318, 3932, 6764, 225, 4023, 1582, 4111, 6256, 2230, 4472, 2654, 1395, 1128, 2803, 940, 638, 3538, 81, 2078, 4826, 1805, 627, 4285, 4851, 1750, 1678, 3154, 5740, 2767, 3385, 3403, 2189, 3755, 846, 6785, 3596, 310, 4552, 3749, 4242, 3722, 6494, 4217, 6652, 3694, 9, 3967, 5936, 6781, 932, 5874, 5996, 2408, 6976, 6755, 5235, 20, 287, 6797, 4036, 6914, 924, 4573, 4685, 2233, 1075, 1642, 2934, 1030, 4433, 4101, 6542, 5785, 2375, 3001, 1084, 858, 5380, 1747, 5467, 4676, 615, 3802, 3799, 3093, 432, 407, 4396, 6111, 2723, 6298, 874, 1976, 1980, 4022, 1991, 5451, 430, 4452, 2026, 6008, 2060, 298, 3291, 1468, 1292, 1230, 5871, 6847, 1753, 4275, 1039, 4547, 5595, 512, 2582, 6044, 2951, 6167, 2843, 61, 4911, 3561, 1832, 5506, 6987, 5727, 3900, 3512, 1162, 336, 486, 4883, 2879, 21, 259, 2811, 6014, 446, 2027, 4263, 4574, 4336, 5076, 6462, 2306, 5855, 518, 4250, 1650, 5090, 3159, 3287, 3727, 242, 4247, 1424, 4978, 5789, 5253, 6172, 2229, 494, 5364, 6661, 4489, 1671, 5901, 3901, 5853, 6705, 4256, 6684, 3642, 1769, 175, 3134, 111, 6651, 4871, 1820, 4471, 1649, 1142, 500, 6831, 5652, 6654, 1260, 974, 5387, 4119, 654, 41, 4270, 3719, 3909, 1205, 873, 5051, 1353, 5495, 37, 5784, 3629, 603, 6309, 1001, 2205, 1780, 6788, 2779, 6170, 4560, 3382, 5755, 2500, 5575, 2196, 2998, 984, 5779, 5208, 77, 6497, 4163, 4921, 5108, 2726, 3054, 54, 4009, 6745, 2436, 139, 6244, 5646, 2971, 3311, 166, 2849, 3913, 5754, 759, 1626, 5339, 5106, 5863, 2603, 1969, 1098, 5493, 4917, 294, 1242, 3133, 3955, 5336, 4341, 946, 6443, 645, 6614, 5482, 3867, 2634, 5211, 6969, 43, 3586, 1161, 6385, 4505, 4955, 3240, 1592, 2342, 4391, 303, 6164, 51, 2416, 4686, 5161, 6089, 1972, 3454, 3235, 4161, 1816, 5927, 4188, 1574, 6953, 6564, 4665, 6756, 5312, 3516, 3599, 5199, 3872, 4749, 165, 6589, 4898, 2552, 5951, 4011, 1720, 6204, 2041, 3283, 5677, 2288, 4077, 6327, 1238, 5925, 5177, 380, 2446, 739, 344, 4286, 1990, 5046, 4126, 5688, 1375, 6930, 58, 4330, 1962, 3774, 3685, 1791, 6517, 1420, 2193, 289, 3537, 3609, 2700, 6668, 2185, 3476, 1408]"
Fashion-MNIST,5,"[2600, 2176, 3689, 6946, 4693, 5024, 5894, 4239, 548, 1237, 2459, 1653, 4540, 1110, 3227, 3190, 1219, 2953, 5611, 1996, 5505, 1865, 4197, 6964, 4986, 5754, 3745, 6969, 2591, 2669, 545, 6299, 6667, 4830, 3393, 6668, 3487, 4845, 3804, 4059, 108, 3390, 3899, 1457, 6577, 3537, 4729, 4464, 319, 3266, 2173, 5641, 5780, 2475, 2882, 624, 2789, 1969, 2160, 5854, 1535, 3941, 285, 6294, 444, 4386, 5313, 1212, 4443, 515, 5533, 17, 702, 6599, 121, 2513, 871, 4756, 5111, 568, 3287, 4152, 711, 5543, 1668, 3150, 6155, 2132, 6957, 559, 429, 1104, 4539, 4194, 1931, 3495, 4630, 5040, 6852, 2833, 6944, 6186, 6785, 3387, 3424, 4014, 6339, 912, 3634, 2190, 3079, 5292, 5508, 6157, 48, 2895, 5778, 4234, 1272, 2517, 1579, 1726, 6285, 589, 4390, 2648, 1679, 25, 2735, 4207, 4231, 4566, 4192, 2908, 3435, 6563, 3794, 6056, 3754, 3931, 1470, 6416, 3194, 3158, 5134, 4423, 3391, 3254, 989, 4822, 6407, 6731, 2139, 6933, 3641, 397, 639, 5238, 3601, 3681, 1018, 5906, 3001, 6099, 930, 3743, 1464, 4994, 863, 4577, 34, 4458, 2365, 6134, 443, 5572, 6469, 3909, 2534, 2627, 2847, 2963, 4655, 6508, 2549, 4286, 4374, 5871, 4365, 4876, 2440, 4149, 6010, 1128, 2844, 2381, 1623, 5446, 1703, 2564, 5235, 2726, 5074, 4790, 672, 765, 3661, 6696, 6594, 6925, 1472, 5269, 2597, 3427, 2729, 6065, 5198, 4959, 1647, 3009, 888, 5447, 5255, 1718, 5389, 6529, 4380, 2962, 6884, 609, 4595, 2049, 6604, 5595, 3290, 5065, 687, 5353, 3141, 1006, 1361, 762, 1223, 2911, 6597, 3499, 3925, 2115, 874, 3758, 1013, 3252, 1518, 4326, 2035, 4257, 197, 2038, 1467, 4338, 272, 2950, 3649, 5946, 2875, 1922, 3733, 1811, 3450, 5668, 6694, 2780, 629, 6539, 5883, 497, 1486, 5088, 1820, 4921, 1473, 1309, 6360, 2862, 6699, 4049, 1891, 2650, 5813, 2820, 3748, 2410, 5213, 5942, 2940, 4858, 4250, 2317, 2640, 4694, 5900, 3085, 5022, 6592, 402, 2569, 2613, 893, 2020, 1821, 3347, 879, 5347, 3370, 3109, 3787, 936, 3763, 2432, 5948, 6344, 5354, 1850, 881, 2244, 6051, 3920, 5055, 6390, 6767, 945, 3561, 304, 5155, 3414, 917, 1210, 803, 3774, 2488, 3513, 2077, 6012, 1896, 3319, 2191, 2114, 4190, 6978, 5241, 6548, 3288, 465, 2180, 6076, 1461, 1738, 4217, 2898, 4048, 3100, 1730, 2470, 5832, 3483, 3917, 4492, 1009, 5020, 2933, 5404, 2932, 4346, 2261, 5521, 490, 756, 526, 2543, 6655, 2310, 797, 3817, 6607, 2286, 3628, 3094, 1253, 2798, 4584, 1384, 3313, 2000, 1062, 4601, 5708, 5738, 2327, 391, 2382, 2756, 3028, 3132, 5373, 5483, 210, 4542, 3970, 3353, 2208, 1999, 1830, 2677, 6243, 430, 771, 4930, 5324, 3687, 4226, 3395, 2823, 3960, 2378, 2916, 5921, 3874, 3691, 3099, 6492, 4483, 3415, 5511, 4867, 5960, 1501, 861, 4515, 5361, 3058, 6935, 1741, 3345, 4167, 2093, 836, 2629, 139, 2828, 5184, 4494, 204, 3914, 5234, 6468, 2541, 628, 4500, 5078, 5227, 990, 286, 4266, 6288, 423, 5488, 4491, 2417, 5484, 793, 1545, 3860, 4485, 3461, 1661, 5707, 2710, 2418, 1599, 6938, 5688, 2491, 3182, 6633, 211, 5679, 6345, 3723, 4553, 3618, 4271, 1008, 2252, 1768, 3734, 1586, 6792, 1200, 1081, 4893]"
Fashion-MNIST,6,"[5774, 2581, 5877, 2299, 6808, 3670, 2162, 99, 42, 1153, 1589, 1525, 3967, 3004, 357, 4888, 5667, 1272, 6650, 1834, 5601, 68, 767, 4233, 609, 4285, 624, 6222, 32, 1215, 6207, 3006, 2354, 2371, 3953, 1827, 6234, 6438, 4544, 1472, 2627, 5326, 2604, 4881, 4828, 6284, 946, 4500, 3479, 518, 2137, 955, 4497, 4595, 5551, 801, 2580, 2080, 3216, 6610, 4366, 2805, 4065, 4092, 5922, 5582, 5027, 2798, 2591, 1088, 5222, 2191, 3231, 2477, 4372, 4506, 2041, 4850, 5024, 2013, 6544, 3509, 6418, 6506, 5788, 2271, 4966, 2201, 2195, 2425, 3681, 5990, 5345, 1144, 3201, 5668, 1489, 6943, 940, 184, 4870, 2908, 4645, 3587, 4724, 2285, 5663, 670, 6972, 5671, 194, 1878, 2960, 1289, 2552, 6916, 4481, 6770, 2199, 1934, 2700, 768, 286, 6959, 2787, 4525, 2530, 4471, 1440, 4570, 5503, 2417, 6055, 5948, 475, 1790, 5181, 6220, 3106, 4409, 809, 4608, 1169, 3805, 3609, 6022, 3415, 5900, 4300, 4691, 452, 331, 3267, 5407, 1690, 6114, 4582, 928, 4597, 4239, 582, 3221, 5923, 5901, 3312, 622, 3204, 5480, 3044, 674, 5889, 2535, 6305, 6994, 2744, 4855, 3624, 3883, 4426, 3378, 1804, 4741, 73, 6468, 2571, 3026, 5262, 1485, 1914, 3505, 6663, 1042, 5831, 788, 1402, 3086, 6242, 5126, 1986, 337, 37, 1454, 5532, 4272, 4674, 5477, 1954, 613, 6751, 4957, 1618, 6598, 6645, 6848, 327, 938, 1363, 6485, 6509, 1177, 2496, 5625, 5808, 4664, 1448, 4017, 1951, 6754, 6726, 6901, 3121, 4194, 2517, 1258, 6573, 1925, 3422, 6337, 3274, 2774, 4563, 2824, 2569, 5421, 2804, 6817, 408, 635, 5523, 6436, 5996, 3445, 3047, 1127, 2782, 891, 4521, 2225, 5394, 4334, 924, 1143, 2547, 6240, 6147, 1150, 4629, 4735, 1640, 5101, 1632, 546, 3771, 5968, 5393, 1729, 6582, 405, 6304, 262, 1787, 6404, 2141, 6370, 761, 1294, 1180, 3586, 5749, 2813, 2395, 2042, 4056, 296, 5887, 1506, 2907, 1811, 2318, 6662, 1663, 4705, 3066, 3994, 6557, 1992, 1213, 5920, 3350, 292, 3370, 6380, 4192, 1281, 6314, 3485, 5360, 6197, 848, 1947, 604, 4428, 4187, 30, 826, 6291, 288, 6949, 5673, 6574, 6576, 3512, 4477, 5770, 2639, 6985, 2444, 6555, 3035, 3130, 4370, 6761, 5157, 5451, 4062, 229, 1174, 1711, 709, 793, 138, 4929, 6659, 5756, 5632, 4483, 3330, 6975, 3069, 3002, 1724, 3674, 6365, 6332, 6639, 2453, 6481, 326, 1410, 129, 3833, 4754, 276, 2896, 5555, 869, 6053, 1898, 6221, 5023, 4168, 5931, 1583, 2722, 2118, 1133, 4443, 1206, 4558, 4915, 1667, 1227, 4099, 6120, 6609, 136, 4484, 4003, 3619, 4579, 4641, 888, 1473, 1699, 1979, 5046, 2463, 1296, 3225, 626, 5209, 771, 6231, 6670, 4211, 5189, 529, 4051, 2577, 2548, 2632, 6037, 2045, 4243, 5428, 4083, 4714, 1437, 3825, 6292, 5134, 4902, 149, 1746, 5179, 4043, 3391, 1723, 505, 3745, 3465, 5757, 2183, 158, 834, 29, 5471, 4027, 6268, 6107, 6496, 1735, 3720, 831, 4461, 1404, 5843, 2874, 1693, 4498, 577, 5439, 2229, 2864, 5997, 2177, 6546, 4790, 5675, 2457, 6710, 6853, 2741, 576, 277, 2342, 616, 5699, 5063, 4729, 6289, 1743, 6391, 1248, 1655, 1072, 533, 3671, 5062, 5943, 4124, 3852, 2270, 2678, 4562, 2071, 2215, 2965, 5449, 4649]"
Fashion-MNIST,8,"[4395, 2586, 3955, 4382, 3242, 1934, 1866, 3973, 2362, 505, 6340, 4829, 6557, 6581, 2150, 6153, 856, 1452, 1832, 3722, 865, 358, 4879, 3968, 4964, 6512, 4883, 5214, 4862, 2513, 2712, 803, 63, 3930, 3213, 4966, 3144, 3924, 6164, 1765, 3360, 1828, 6597, 2493, 4333, 4438, 4791, 2356, 3883, 1241, 4481, 5364, 6215, 5638, 4479, 1152, 6958, 6837, 944, 2904, 5349, 1762, 624, 4409, 1310, 1981, 1699, 58, 1892, 5953, 3686, 5723, 1541, 5131, 3338, 4158, 6513, 350, 1615, 4672, 979, 2303, 5472, 425, 2067, 895, 3347, 2044, 4332, 4895, 1098, 4008, 2985, 3405, 721, 3466, 1973, 3879, 5910, 6138, 3610, 2581, 4787, 3561, 3429, 6825, 2796, 3244, 2701, 4873, 3038, 4611, 1830, 3734, 5044, 710, 3379, 4097, 3790, 2432, 6566, 6717, 831, 5211, 5793, 1897, 2661, 1390, 2585, 1336, 2285, 4968, 2174, 2710, 418, 5896, 4569, 2899, 5403, 2072, 1076, 4778, 382, 1052, 1508, 34, 610, 1695, 2293, 3349, 5520, 5696, 4768, 5830, 5424, 4748, 3491, 6014, 3743, 3990, 244, 6916, 510, 5383, 4012, 2444, 4904, 685, 565, 6149, 3589, 2695, 5954, 2281, 6236, 5929, 3679, 2296, 3481, 4262, 874, 1966, 4009, 2220, 1991, 2798, 6607, 3757, 2081, 5492, 6484, 199, 3080, 6665, 6486, 3054, 6797, 1573, 1826, 5600, 2215, 231, 629, 3178, 3093, 2748, 5166, 3954, 4200, 2189, 1660, 744, 5999, 6186, 5261, 2821, 1489, 5715, 4115, 2194, 267, 1939, 2594, 548, 1584, 39, 5986, 6204, 6591, 3607, 1642, 3191, 4621, 4105, 2482, 4533, 1389, 1553, 6873, 4087, 13, 3789, 6494, 5220, 3499, 4608, 3957, 1689, 3838, 1295, 3267, 1733, 152, 840, 4920, 310, 2180, 527, 4378, 96, 4641, 705, 3903, 1127, 2545, 6587, 4011, 4023, 3367, 2287, 3307, 6559, 345, 2240, 2227, 5352, 1853, 5708, 250, 6818, 4902, 5522, 4550, 5269, 1245, 4299, 5596, 1677, 2510, 4453, 4507, 2963, 2954, 4765, 2842, 4327, 1845, 6228, 5025, 4461, 1363, 335, 4194, 1061, 6624, 1335, 4425, 5127, 2176, 4136, 5730, 1638, 4391, 4739, 2299, 6885, 4648, 3858, 6527, 3169, 2345, 3114, 2768, 6079, 6319, 6544, 3729, 126, 3740, 5129, 3388, 4176, 3316, 3020, 514, 2967, 990, 6417, 2425, 380, 3701, 1265, 3152, 4891, 4446, 2802, 2360, 3753, 3971, 5351, 1156, 3976, 5815, 4934, 2490, 903, 1872, 4451, 271, 5477, 754, 860, 3582, 5846, 6716, 3472, 1673, 1071, 1294, 3657, 205, 4673, 6386, 974, 5899, 62, 1141, 4559, 1609, 6078, 3282, 3798, 1406, 6659, 1450, 5501, 6848, 4376, 5980, 6053, 5394, 8, 5875, 497, 1419, 5382, 1943, 2056, 1217, 1840, 3035, 992, 5236, 4815, 4038, 5151, 1804, 2028, 1594, 3693, 2343, 3929, 5016, 2863, 6727, 4595, 3934, 192, 533, 6455, 5976, 5807, 4082, 300, 2550, 3229, 141, 3488, 4432, 1133, 1610, 5939, 2722, 5233, 1877, 4894, 5820, 6286, 5439, 138, 6536, 6847, 5969, 870, 2352, 5030, 3766, 2282, 6633, 1771, 6672, 5037, 6196, 930, 5609, 2910, 3690, 6926, 1645, 4033, 6861, 980, 1043, 1047, 3917, 4291, 6893, 3253, 3000, 6342, 6673, 2934, 3098, 253, 5083, 2104, 1290, 216, 6019, 6445, 6108, 6854, 623, 628, 2907, 4869, 715, 5319, 5004, 5789, 6152, 1752, 5019, 4922, 1516, 5320, 1599, 472, 4269, 4470]"
Fashion-MNIST,9,"[2357, 6160, 3894, 5942, 3289, 2167, 5085, 3921, 2927, 6304, 535, 6034, 5842, 2351, 34, 2685, 4423, 403, 2096, 1187, 4116, 1832, 3392, 554, 2595, 2944, 642, 408, 3198, 3148, 18, 1583, 4504, 206, 2312, 83, 6985, 5025, 2132, 3276, 940, 6024, 636, 3882, 2261, 1184, 2715, 4172, 2052, 5263, 2087, 2136, 4277, 3828, 1836, 3301, 3375, 1549, 5120, 1339, 5173, 914, 6211, 5054, 1570, 6583, 2923, 3348, 6630, 4836, 4643, 4510, 5970, 3582, 3869, 2592, 444, 2282, 1891, 3710, 1488, 5527, 3143, 4489, 4716, 4350, 3851, 5520, 652, 3963, 2569, 4599, 4843, 2419, 3322, 1323, 5017, 4127, 3470, 4049, 483, 139, 5497, 5407, 6517, 4970, 3341, 5794, 2019, 2348, 1654, 6835, 3968, 3006, 4300, 1265, 3730, 4471, 3724, 6886, 1179, 4862, 5368, 695, 5251, 4514, 5436, 3421, 3507, 3174, 3169, 2545, 4933, 5221, 1893, 5859, 4636, 1037, 1211, 1744, 943, 1811, 263, 4682, 294, 3863, 4262, 5821, 2951, 3021, 1562, 551, 694, 5992, 4746, 2160, 1849, 350, 6787, 1140, 3142, 5814, 4906, 1952, 5719, 6974, 654, 487, 395, 2958, 4572, 3806, 4516, 5445, 3522, 956, 5479, 5459, 3016, 2488, 5260, 2953, 3810, 6553, 2793, 1713, 5968, 6846, 3652, 3128, 6877, 2115, 2610, 1016, 2894, 2790, 2237, 643, 6907, 2151, 3674, 2914, 5187, 1165, 1680, 2180, 525, 3856, 1144, 4291, 1642, 4412, 5457, 4404, 4015, 3410, 429, 5791, 176, 302, 1448, 6684, 6578, 4752, 404, 6272, 1464, 5438, 44, 888, 5216, 4892, 5451, 1474, 6049, 5724, 1577, 1019, 1766, 1629, 4104, 6545, 4458, 3223, 6144, 1747, 6628, 5200, 4109, 2004, 4788, 3922, 5183, 3583, 3046, 3861, 4998, 5331, 4290, 6795, 4462, 846, 5119, 1486, 3337, 4604, 3202, 3371, 6977, 1545, 4357, 1750, 6004, 4642, 6108, 3, 1338, 6704, 5357, 5685, 1723, 3488, 807, 2194, 3764, 1911, 5948, 963, 140, 4259, 912, 3415, 2404, 509, 6969, 1544, 4017, 5422, 3581, 3343, 4014, 4065, 5598, 5098, 5339, 2330, 154, 6547, 1966, 6163, 5524, 2009, 6829, 5976, 3542, 5631, 6619, 2089, 5232, 6882, 6996, 3496, 2012, 6721, 433, 5584, 3340, 3068, 4726, 4854, 1598, 639, 6472, 2702, 2479, 2042, 565, 506, 1213, 3629, 2451, 182, 5831, 5432, 5383, 5883, 1463, 5647, 4306, 5523, 95, 5468, 3603, 6590, 3304, 2433, 5645, 1018, 6323, 959, 2126, 6037, 2228, 995, 1419, 3082, 5079, 2172, 2672, 6564, 437, 448, 5502, 1212, 2384, 6921, 2208, 365, 4101, 6750, 4264, 6408, 108, 40, 3952, 5499, 5362, 3108, 1053, 4760, 1538, 4297, 6347, 5835, 3604, 2764, 2867, 6477, 3117, 5504, 145, 6444, 6103, 1362, 3460, 6570, 1112, 6823, 4954, 3062, 3719, 1206, 486, 4686, 352, 399, 5643, 569, 3939, 2159, 3186, 3251, 4194, 1381, 4310, 2420, 36, 6571, 2385, 2627, 3121, 788, 4678, 2918, 5296, 5168, 921, 451, 2163, 5201, 2733, 141, 6964, 5926, 6216, 3790, 2295, 6625, 5704, 1922, 3042, 2941, 1098, 4529, 580, 3678, 6833, 4126, 1609, 6315, 810, 5596, 5759, 4557, 1748, 5413, 547, 2392, 6239, 4095, 3975, 5433, 6411, 1864, 177, 2334, 6339, 6321, 6136, 4503, 2599, 3012, 5095, 1002, 1288, 3495, 4013, 219, 3666, 2238, 2765, 6525, 1131, 918, 3029, 5940, 508, 4292, 6384, 3966]"
